Statistic,Math,Science,English,Attendance (%)
mean,69.325,68.165,72.87,75.36725
median,68.5,67.0,73.0,75.625
min,40.0,35.0,45.0,50.13
max,99.0,99.0,99.0,99.8
std,17.39026976248673,19.00536224253169,15.464762994380541,14.149397200701381
